p,ws,d
0.1,0.250000003,5.10E-09
0.15,0.250000123,1.87E-07
0.2,0.250001492,2.13E-06
0.25,0.250009588,1.29E-05
0.3,0.250041332,5.23E-05
0.35,0.250135802,0.00016276
0.4,0.25036728,0.000419714
0.45,0.250859893,0.000945375
0.5,0.251805268,0.0019321
0.55,0.253488219,0.003691163
0.6,0.256331203,0.006762442
0.65,0.260979622,0.012178713
0.7,0.268477601,0.022177011
0.75,0.28066112,0.042480471
0.8,0.301147519,0.092021386
0.85,0.338310218,0.274966163