p,ws,d
0.1,0.25000975,1.80E-05
0.15,0.250064643,0.000114333
0.2,0.250239464,0.000407816
0.25,0.250647279,0.001070214
0.3,0.251438517,0.002332293
0.35,0.252802517,0.004509534
0.4,0.254975124,0.008062005
0.45,0.258255502,0.013717235
0.5,0.26303713,0.022726962
0.55,0.269862271,0.037448821
0.6,0.27951895,0.062838841
0.65,0.293221711,0.111035022
0.7,0.312973038,0.220045817
0.75,0.342357792,0.58629103
0.8,0.388528139,inf
0.85,0.468156673,inf